"","no covariate","age+log_mutcnt+drug_class"
"homozygous",0.0121251868948434,0.0184836236935087
"mean_DePTH_cor",0.0665925451855667,0.121039167874958
"mean_CLAIRE_cor",0.193059456198393,0.181147894301581
"mean_AA",0.0235658099811662,0.0412248122496476
"mean_DePTH_set",0.0061560992145946,0.0100515711227521
"mean_CLAIRE_set",0.0873940846423382,0.132088751238842
"DePTH_breadth",0.0244784078053074,0.0287500656259109
"CLAIRE_breadth",0.431627532689092,0.504976016681144
