hla,depth_mcpas,glazer_server
HLA-A*01:01,0.6338518690503832,0.5135825400510796
HLA-A*02:01,0.7576686354054807,0.8727031380503518
HLA-A*11:01,0.7326007326007327,0.4505494505494506
HLA-A*24:02,0.7023809523809524,0.6448412698412698
HLA-B*07:02,0.7235591206179441,0.5570409982174688
HLA-B*08:01,0.7548717948717949,0.4704273504273504
HLA-B*27:05,0.7118055555555556,0.3194444444444445
HLA-B*35:01,1.0,0.8571428571428572
HLA-B*57:01,0.93,0.52
HLA-C*07:02,0.8470492470492471,0.6127798127798127
