hla,depth_mcpas,glazer_server
HLA-A*01:01,0.6844671465056884,0.5135825400510796
HLA-A*02:01,0.7871524877699558,0.8727031380503518
HLA-A*11:01,0.7802197802197802,0.4505494505494506
HLA-A*24:02,0.7668650793650794,0.6448412698412698
HLA-B*07:02,0.7205882352941176,0.5570409982174688
HLA-B*08:01,0.783931623931624,0.4704273504273504
HLA-B*27:05,0.71875,0.3194444444444445
HLA-B*35:01,1.0,0.8571428571428572
HLA-B*57:01,0.97,0.52
HLA-C*07:02,0.8702482702482703,0.6127798127798127
