hla,depth_mcpas,glazer_server
HLA-A*01:01,0.6036684467146505,0.5135825400510796
HLA-A*02:01,0.761509167561548,0.8727031380503518
HLA-A*11:01,0.7142857142857143,0.4505494505494506
HLA-A*24:02,0.689484126984127,0.6448412698412698
HLA-B*07:02,0.7257872846108141,0.5570409982174688
HLA-B*08:01,0.775042735042735,0.4704273504273504
HLA-B*27:05,0.7881944444444445,0.3194444444444445
HLA-B*35:01,0.8928571428571428,0.8571428571428572
HLA-B*57:01,0.79,0.52
HLA-C*07:02,0.8476190476190477,0.6127798127798127
